no,effectiveDate,mid,currency
001/A/NBP/2025,01/02/2025,4.1219,USD
002/A/NBP/2025,01/03/2025,4.1512,USD
003/A/NBP/2025,01/07/2025,4.077,USD
004/A/NBP/2025,01/08/2025,4.1335,USD
005/A/NBP/2025,01/09/2025,4.1523,USD
006/A/NBP/2025,01/10/2025,4.1415,USD
007/A/NBP/2025,01/13/2025,4.1904,USD
008/A/NBP/2025,01/14/2025,4.1658,USD
009/A/NBP/2025,01/15/2025,4.133,USD
010/A/NBP/2025,01/16/2025,4.1433,USD
011/A/NBP/2025,01/17/2025,4.1462,USD
012/A/NBP/2025,01/20/2025,4.1321,USD
013/A/NBP/2025,01/21/2025,4.1101,USD
014/A/NBP/2025,01/22/2025,4.0646,USD
015/A/NBP/2025,01/23/2025,4.0515,USD
016/A/NBP/2025,01/24/2025,4.0124,USD
017/A/NBP/2025,01/27/2025,4.021,USD
018/A/NBP/2025,01/28/2025,4.0337,USD
019/A/NBP/2025,01/29/2025,4.0443,USD
020/A/NBP/2025,01/30/2025,4.0393,USD
021/A/NBP/2025,01/31/2025,4.0576,USD
022/A/NBP/2025,02/03/2025,4.1352,USD
023/A/NBP/2025,02/04/2025,4.0864,USD
024/A/NBP/2025,02/05/2025,4.0426,USD
025/A/NBP/2025,02/06/2025,4.0613,USD
026/A/NBP/2025,02/07/2025,4.0321,USD
027/A/NBP/2025,02/10/2025,4.0548,USD
028/A/NBP/2025,02/11/2025,4.0497,USD
029/A/NBP/2025,02/12/2025,4.0215,USD
030/A/NBP/2025,02/13/2025,3.996,USD
031/A/NBP/2025,02/14/2025,3.972,USD
032/A/NBP/2025,02/17/2025,3.9749,USD
033/A/NBP/2025,02/18/2025,3.9729,USD
034/A/NBP/2025,02/19/2025,3.9875,USD
035/A/NBP/2025,02/20/2025,3.9974,USD
036/A/NBP/2025,02/21/2025,3.9835,USD
037/A/NBP/2025,02/24/2025,3.9734,USD
038/A/NBP/2025,02/25/2025,3.947,USD
039/A/NBP/2025,02/26/2025,3.9434,USD
040/A/NBP/2025,02/27/2025,3.9459,USD
041/A/NBP/2025,02/28/2025,3.9993,USD
042/A/NBP/2025,03/03/2025,4.0112,USD
043/A/NBP/2025,03/04/2025,3.9543,USD
044/A/NBP/2025,03/05/2025,3.8785,USD
045/A/NBP/2025,03/06/2025,3.8674,USD
046/A/NBP/2025,03/07/2025,3.8448,USD
047/A/NBP/2025,03/10/2025,3.8573,USD
048/A/NBP/2025,03/11/2025,3.8481,USD
049/A/NBP/2025,03/12/2025,3.8496,USD
050/A/NBP/2025,03/13/2025,3.8568,USD
051/A/NBP/2025,03/14/2025,3.8509,USD
052/A/NBP/2025,03/17/2025,3.8329,USD
053/A/NBP/2025,03/18/2025,3.8152,USD
054/A/NBP/2025,03/19/2025,3.8473,USD
055/A/NBP/2025,03/20/2025,3.8675,USD
056/A/NBP/2025,03/21/2025,3.8774,USD
057/A/NBP/2025,03/24/2025,3.859,USD
058/A/NBP/2025,03/25/2025,3.8578,USD
059/A/NBP/2025,03/26/2025,3.8614,USD
060/A/NBP/2025,03/27/2025,3.8913,USD
061/A/NBP/2025,03/28/2025,3.8817,USD
062/A/NBP/2025,03/31/2025,3.8643,USD
063/A/NBP/2025,04/01/2025,3.8656,USD
064/A/NBP/2025,04/02/2025,3.8707,USD
065/A/NBP/2025,04/03/2025,3.7968,USD
066/A/NBP/2025,04/04/2025,3.856,USD
067/A/NBP/2025,04/07/2025,3.9097,USD
068/A/NBP/2025,04/08/2025,3.927,USD
069/A/NBP/2025,04/09/2025,3.8828,USD
070/A/NBP/2025,04/10/2025,3.8637,USD
071/A/NBP/2025,04/11/2025,3.7606,USD
072/A/NBP/2025,04/14/2025,3.7564,USD
073/A/NBP/2025,04/15/2025,3.7692,USD
074/A/NBP/2025,04/16/2025,3.7851,USD
075/A/NBP/2025,04/17/2025,3.7684,USD
076/A/NBP/2025,04/18/2025,3.7661,USD
077/A/NBP/2025,04/22/2025,3.722,USD
078/A/NBP/2025,04/23/2025,3.7583,USD
079/A/NBP/2025,04/24/2025,3.7599,USD
080/A/NBP/2025,04/25/2025,3.7611,USD
081/A/NBP/2025,04/28/2025,3.7701,USD
082/A/NBP/2025,04/29/2025,3.7458,USD
083/A/NBP/2025,04/30/2025,3.7617,USD
084/A/NBP/2025,05/02/2025,3.7722,USD
085/A/NBP/2025,05/05/2025,3.7752,USD
086/A/NBP/2025,05/06/2025,3.7789,USD
087/A/NBP/2025,05/07/2025,3.7642,USD
088/A/NBP/2025,05/08/2025,3.784,USD
089/A/NBP/2025,05/09/2025,3.7681,USD
090/A/NBP/2025,05/12/2025,3.8011,USD
091/A/NBP/2025,05/13/2025,3.8266,USD
092/A/NBP/2025,05/14/2025,3.7775,USD
093/A/NBP/2025,05/15/2025,3.7804,USD
094/A/NBP/2025,05/16/2025,3.7853,USD
095/A/NBP/2025,05/19/2025,3.8004,USD
096/A/NBP/2025,05/20/2025,3.7747,USD
097/A/NBP/2025,05/21/2025,3.7452,USD
098/A/NBP/2025,05/22/2025,3.7559,USD
099/A/NBP/2025,05/23/2025,3.7506,USD
100/A/NBP/2025,05/26/2025,3.7344,USD
101/A/NBP/2025,05/27/2025,3.743,USD
102/A/NBP/2025,05/28/2025,3.7456,USD
103/A/NBP/2025,05/29/2025,3.7588,USD
104/A/NBP/2025,05/30/2025,3.7537,USD
105/A/NBP/2025,06/02/2025,3.7282,USD
106/A/NBP/2025,06/03/2025,3.7437,USD
107/A/NBP/2025,06/04/2025,3.7525,USD
108/A/NBP/2025,06/05/2025,3.7495,USD
109/A/NBP/2025,06/06/2025,3.7565,USD
110/A/NBP/2025,06/09/2025,3.7427,USD
111/A/NBP/2025,06/10/2025,3.7352,USD
112/A/NBP/2025,06/11/2025,3.7306,USD
113/A/NBP/2025,06/12/2025,3.6929,USD
114/A/NBP/2025,06/13/2025,3.7056,USD
115/A/NBP/2025,06/16/2025,3.6804,USD
116/A/NBP/2025,06/17/2025,3.7005,USD
117/A/NBP/2025,06/18/2025,3.7137,USD
118/A/NBP/2025,06/20/2025,3.7067,USD
119/A/NBP/2025,06/23/2025,3.7212,USD
120/A/NBP/2025,06/24/2025,3.6753,USD
121/A/NBP/2025,06/25/2025,3.659,USD
122/A/NBP/2025,06/26/2025,3.6222,USD
123/A/NBP/2025,06/27/2025,3.6177,USD
124/A/NBP/2025,06/30/2025,3.6164,USD
125/A/NBP/2025,07/01/2025,3.593,USD
126/A/NBP/2025,07/02/2025,3.609,USD
127/A/NBP/2025,07/03/2025,3.6137,USD
128/A/NBP/2025,07/04/2025,3.6108,USD
129/A/NBP/2025,07/07/2025,3.6269,USD
130/A/NBP/2025,07/08/2025,3.6135,USD
131/A/NBP/2025,07/09/2025,3.6198,USD
132/A/NBP/2025,07/10/2025,3.6209,USD
133/A/NBP/2025,07/11/2025,3.6432,USD
134/A/NBP/2025,07/14/2025,3.6475,USD
135/A/NBP/2025,07/15/2025,3.6396,USD
136/A/NBP/2025,07/16/2025,3.6631,USD
137/A/NBP/2025,07/17/2025,3.6686,USD
138/A/NBP/2025,07/18/2025,3.6535,USD
139/A/NBP/2025,07/21/2025,3.6455,USD
140/A/NBP/2025,07/22/2025,3.6353,USD
141/A/NBP/2025,07/23/2025,3.626,USD
142/A/NBP/2025,07/24/2025,3.6158,USD
143/A/NBP/2025,07/25/2025,3.6228,USD
144/A/NBP/2025,07/28/2025,3.6446,USD
145/A/NBP/2025,07/29/2025,3.6941,USD
146/A/NBP/2025,07/30/2025,3.6981,USD
147/A/NBP/2025,07/31/2025,3.7257,USD
148/A/NBP/2025,08/01/2025,3.7536,USD
149/A/NBP/2025,08/04/2025,3.6977,USD
150/A/NBP/2025,08/05/2025,3.7066,USD
151/A/NBP/2025,08/06/2025,3.6994,USD
152/A/NBP/2025,08/07/2025,3.6477,USD
153/A/NBP/2025,08/08/2025,3.6577,USD
154/A/NBP/2025,08/11/2025,3.6495,USD
155/A/NBP/2025,08/12/2025,3.6702,USD
156/A/NBP/2025,08/13/2025,3.6353,USD
157/A/NBP/2025,08/14/2025,3.6542,USD
158/A/NBP/2025,08/18/2025,3.6434,USD
159/A/NBP/2025,08/19/2025,3.6332,USD
160/A/NBP/2025,08/20/2025,3.654,USD
161/A/NBP/2025,08/21/2025,3.6483,USD
162/A/NBP/2025,08/22/2025,3.6786,USD
163/A/NBP/2025,08/25/2025,3.6421,USD
164/A/NBP/2025,08/26/2025,3.6716,USD
165/A/NBP/2025,08/27/2025,3.6793,USD
166/A/NBP/2025,08/28/2025,3.6658,USD
167/A/NBP/2025,08/29/2025,3.6559,USD
168/A/NBP/2025,09/01/2025,3.6278,USD
169/A/NBP/2025,09/02/2025,3.6626,USD
170/A/NBP/2025,09/03/2025,3.6538,USD
171/A/NBP/2025,09/04/2025,3.6501,USD
172/A/NBP/2025,09/05/2025,3.6357,USD
173/A/NBP/2025,09/08/2025,3.6214,USD
174/A/NBP/2025,09/09/2025,3.6173,USD
175/A/NBP/2025,09/10/2025,3.6414,USD
176/A/NBP/2025,09/11/2025,3.6459,USD
177/A/NBP/2025,09/12/2025,3.635,USD
178/A/NBP/2025,09/15/2025,3.6188,USD
179/A/NBP/2025,09/16/2025,3.6034,USD
180/A/NBP/2025,09/17/2025,3.5919,USD
181/A/NBP/2025,09/18/2025,3.5986,USD
182/A/NBP/2025,09/19/2025,3.6278,USD
183/A/NBP/2025,09/22/2025,3.6255,USD
184/A/NBP/2025,09/23/2025,3.605,USD
185/A/NBP/2025,09/24/2025,3.6254,USD
186/A/NBP/2025,09/25/2025,3.6295,USD
187/A/NBP/2025,09/26/2025,3.6528,USD
188/A/NBP/2025,09/29/2025,3.6411,USD
189/A/NBP/2025,09/30/2025,3.6315,USD
190/A/NBP/2025,10/01/2025,3.6245,USD
191/A/NBP/2025,10/02/2025,3.621,USD
192/A/NBP/2025,10/03/2025,3.6253,USD
193/A/NBP/2025,10/06/2025,3.6446,USD
194/A/NBP/2025,10/07/2025,3.6481,USD
195/A/NBP/2025,10/08/2025,3.6619,USD
196/A/NBP/2025,10/09/2025,3.6659,USD
197/A/NBP/2025,10/10/2025,3.6778,USD
198/A/NBP/2025,10/13/2025,3.6763,USD
199/A/NBP/2025,10/14/2025,3.6897,USD
200/A/NBP/2025,10/15/2025,3.6585,USD
201/A/NBP/2025,10/16/2025,3.6467,USD
202/A/NBP/2025,10/17/2025,3.6388,USD
203/A/NBP/2025,10/20/2025,3.6349,USD
204/A/NBP/2025,10/21/2025,3.6479,USD
205/A/NBP/2025,10/22/2025,3.6591,USD
206/A/NBP/2025,10/23/2025,3.6519,USD
207/A/NBP/2025,10/24/2025,3.6481,USD
208/A/NBP/2025,10/27/2025,3.6395,USD
209/A/NBP/2025,10/28/2025,3.6327,USD
210/A/NBP/2025,10/29/2025,3.6399,USD
211/A/NBP/2025,10/30/2025,3.652,USD
212/A/NBP/2025,10/31/2025,3.6751,USD
213/A/NBP/2025,11/03/2025,3.6933,USD
214/A/NBP/2025,11/04/2025,3.7019,USD
215/A/NBP/2025,11/05/2025,3.7091,USD
216/A/NBP/2025,11/06/2025,3.6971,USD
217/A/NBP/2025,11/07/2025,3.6818,USD
218/A/NBP/2025,11/10/2025,3.661,USD
219/A/NBP/2025,11/12/2025,3.657,USD
220/A/NBP/2025,11/13/2025,3.6417,USD
221/A/NBP/2025,11/14/2025,3.6376,USD
222/A/NBP/2025,11/17/2025,3.64,USD
223/A/NBP/2025,11/18/2025,3.6525,USD
224/A/NBP/2025,11/19/2025,3.6656,USD
225/A/NBP/2025,11/20/2025,3.6684,USD
226/A/NBP/2025,11/21/2025,3.6868,USD
227/A/NBP/2025,11/24/2025,3.6726,USD
228/A/NBP/2025,11/25/2025,3.6675,USD
229/A/NBP/2025,11/26/2025,3.6578,USD
230/A/NBP/2025,11/27/2025,3.651,USD
231/A/NBP/2025,11/28/2025,3.6624,USD
232/A/NBP/2025,12/01/2025,3.6383,USD
233/A/NBP/2025,12/02/2025,3.6512,USD
234/A/NBP/2025,12/03/2025,3.6333,USD
235/A/NBP/2025,12/04/2025,3.6221,USD
236/A/NBP/2025,12/05/2025,3.6313,USD
237/A/NBP/2025,12/08/2025,3.63,USD
238/A/NBP/2025,12/09/2025,3.6336,USD
239/A/NBP/2025,12/10/2025,3.6329,USD
240/A/NBP/2025,12/11/2025,3.6132,USD
241/A/NBP/2025,12/12/2025,3.6027,USD
242/A/NBP/2025,12/15/2025,3.5928,USD
243/A/NBP/2025,12/16/2025,3.593,USD
244/A/NBP/2025,12/17/2025,3.5976,USD
245/A/NBP/2025,12/18/2025,3.5893,USD
246/A/NBP/2025,12/19/2025,3.5941,USD
247/A/NBP/2025,12/22/2025,3.5904,USD
248/A/NBP/2025,12/23/2025,3.5848,USD
249/A/NBP/2025,12/29/2025,3.5898,USD
250/A/NBP/2025,12/30/2025,3.5936,USD
251/A/NBP/2025,12/31/2025,3.6016,USD
001/A/NBP/2025,01/02/2025,4.2668,EUR
002/A/NBP/2025,01/03/2025,4.2718,EUR
003/A/NBP/2025,01/07/2025,4.2515,EUR
004/A/NBP/2025,01/08/2025,4.2656,EUR
005/A/NBP/2025,01/09/2025,4.2794,EUR
006/A/NBP/2025,01/10/2025,4.2657,EUR
007/A/NBP/2025,01/13/2025,4.2715,EUR
008/A/NBP/2025,01/14/2025,4.2737,EUR
009/A/NBP/2025,01/15/2025,4.2611,EUR
010/A/NBP/2025,01/16/2025,4.262,EUR
011/A/NBP/2025,01/17/2025,4.2691,EUR
012/A/NBP/2025,01/20/2025,4.2587,EUR
013/A/NBP/2025,01/21/2025,4.2554,EUR
014/A/NBP/2025,01/22/2025,4.2461,EUR
015/A/NBP/2025,01/23/2025,4.2182,EUR
016/A/NBP/2025,01/24/2025,4.21,EUR
017/A/NBP/2025,01/27/2025,4.2176,EUR
018/A/NBP/2025,01/28/2025,4.2092,EUR
019/A/NBP/2025,01/29/2025,4.2077,EUR
020/A/NBP/2025,01/30/2025,4.2039,EUR
021/A/NBP/2025,01/31/2025,4.213,EUR
022/A/NBP/2025,02/03/2025,4.2305,EUR
023/A/NBP/2025,02/04/2025,4.2249,EUR
024/A/NBP/2025,02/05/2025,4.2059,EUR
025/A/NBP/2025,02/06/2025,4.2073,EUR
026/A/NBP/2025,02/07/2025,4.1898,EUR
027/A/NBP/2025,02/10/2025,4.1872,EUR
028/A/NBP/2025,02/11/2025,4.1783,EUR
029/A/NBP/2025,02/12/2025,4.1721,EUR
030/A/NBP/2025,02/13/2025,4.1652,EUR
031/A/NBP/2025,02/14/2025,4.1632,EUR
032/A/NBP/2025,02/17/2025,4.1635,EUR
033/A/NBP/2025,02/18/2025,4.1574,EUR
034/A/NBP/2025,02/19/2025,4.1582,EUR
035/A/NBP/2025,02/20/2025,4.1723,EUR
036/A/NBP/2025,02/21/2025,4.1705,EUR
037/A/NBP/2025,02/24/2025,4.1609,EUR
038/A/NBP/2025,02/25/2025,4.1339,EUR
039/A/NBP/2025,02/26/2025,4.1394,EUR
040/A/NBP/2025,02/27/2025,4.1371,EUR
041/A/NBP/2025,02/28/2025,4.1575,EUR
042/A/NBP/2025,03/03/2025,4.1827,EUR
043/A/NBP/2025,03/04/2025,4.1568,EUR
044/A/NBP/2025,03/05/2025,4.1545,EUR
045/A/NBP/2025,03/06/2025,4.1766,EUR
046/A/NBP/2025,03/07/2025,4.176,EUR
047/A/NBP/2025,03/10/2025,4.1857,EUR
048/A/NBP/2025,03/11/2025,4.1977,EUR
049/A/NBP/2025,03/12/2025,4.2017,EUR
050/A/NBP/2025,03/13/2025,4.196,EUR
051/A/NBP/2025,03/14/2025,4.179,EUR
052/A/NBP/2025,03/17/2025,4.1777,EUR
053/A/NBP/2025,03/18/2025,4.1776,EUR
054/A/NBP/2025,03/19/2025,4.1945,EUR
055/A/NBP/2025,03/20/2025,4.1972,EUR
056/A/NBP/2025,03/21/2025,4.1979,EUR
057/A/NBP/2025,03/24/2025,4.1832,EUR
058/A/NBP/2025,03/25/2025,4.1664,EUR
059/A/NBP/2025,03/26/2025,4.1686,EUR
060/A/NBP/2025,03/27/2025,4.1913,EUR
061/A/NBP/2025,03/28/2025,4.1819,EUR
062/A/NBP/2025,03/31/2025,4.1839,EUR
063/A/NBP/2025,04/01/2025,4.1818,EUR
064/A/NBP/2025,04/02/2025,4.1794,EUR
065/A/NBP/2025,04/03/2025,4.1791,EUR
066/A/NBP/2025,04/04/2025,4.2403,EUR
067/A/NBP/2025,04/07/2025,4.2975,EUR
068/A/NBP/2025,04/08/2025,4.2946,EUR
069/A/NBP/2025,04/09/2025,4.2818,EUR
070/A/NBP/2025,04/10/2025,4.2644,EUR
071/A/NBP/2025,04/11/2025,4.2972,EUR
072/A/NBP/2025,04/14/2025,4.2776,EUR
073/A/NBP/2025,04/15/2025,4.2767,EUR
074/A/NBP/2025,04/16/2025,4.3033,EUR
075/A/NBP/2025,04/17/2025,4.2879,EUR
076/A/NBP/2025,04/18/2025,4.2823,EUR
077/A/NBP/2025,04/22/2025,4.2801,EUR
078/A/NBP/2025,04/23/2025,4.2893,EUR
079/A/NBP/2025,04/24/2025,4.2789,EUR
080/A/NBP/2025,04/25/2025,4.2688,EUR
081/A/NBP/2025,04/28/2025,4.2766,EUR
082/A/NBP/2025,04/29/2025,4.2646,EUR
083/A/NBP/2025,04/30/2025,4.2778,EUR
084/A/NBP/2025,05/02/2025,4.275,EUR
085/A/NBP/2025,05/05/2025,4.276,EUR
086/A/NBP/2025,05/06/2025,4.2806,EUR
087/A/NBP/2025,05/07/2025,4.2757,EUR
088/A/NBP/2025,05/08/2025,4.2714,EUR
089/A/NBP/2025,05/09/2025,4.2414,EUR
090/A/NBP/2025,05/12/2025,4.2337,EUR
091/A/NBP/2025,05/13/2025,4.2525,EUR
092/A/NBP/2025,05/14/2025,4.2455,EUR
093/A/NBP/2025,05/15/2025,4.2378,EUR
094/A/NBP/2025,05/16/2025,4.2392,EUR
095/A/NBP/2025,05/19/2025,4.2785,EUR
096/A/NBP/2025,05/20/2025,4.2497,EUR
097/A/NBP/2025,05/21/2025,4.2403,EUR
098/A/NBP/2025,05/22/2025,4.2447,EUR
099/A/NBP/2025,05/23/2025,4.2541,EUR
100/A/NBP/2025,05/26/2025,4.2514,EUR
101/A/NBP/2025,05/27/2025,4.2479,EUR
102/A/NBP/2025,05/28/2025,4.2447,EUR
103/A/NBP/2025,05/29/2025,4.2369,EUR
104/A/NBP/2025,05/30/2025,4.2507,EUR
105/A/NBP/2025,06/02/2025,4.2578,EUR
106/A/NBP/2025,06/03/2025,4.2721,EUR
107/A/NBP/2025,06/04/2025,4.2778,EUR
108/A/NBP/2025,06/05/2025,4.2791,EUR
109/A/NBP/2025,06/06/2025,4.2881,EUR
110/A/NBP/2025,06/09/2025,4.2772,EUR
111/A/NBP/2025,06/10/2025,4.2611,EUR
112/A/NBP/2025,06/11/2025,4.2643,EUR
113/A/NBP/2025,06/12/2025,4.2631,EUR
114/A/NBP/2025,06/13/2025,4.272,EUR
115/A/NBP/2025,06/16/2025,4.2612,EUR
116/A/NBP/2025,06/17/2025,4.275,EUR
117/A/NBP/2025,06/18/2025,4.2717,EUR
118/A/NBP/2025,06/20/2025,4.2709,EUR
119/A/NBP/2025,06/23/2025,4.2727,EUR
120/A/NBP/2025,06/24/2025,4.2604,EUR
121/A/NBP/2025,06/25/2025,4.2479,EUR
122/A/NBP/2025,06/26/2025,4.2479,EUR
123/A/NBP/2025,06/27/2025,4.2362,EUR
124/A/NBP/2025,06/30/2025,4.2419,EUR
125/A/NBP/2025,07/01/2025,4.2415,EUR
126/A/NBP/2025,07/02/2025,4.25,EUR
127/A/NBP/2025,07/03/2025,4.2634,EUR
128/A/NBP/2025,07/04/2025,4.2515,EUR
129/A/NBP/2025,07/07/2025,4.2524,EUR
130/A/NBP/2025,07/08/2025,4.2455,EUR
131/A/NBP/2025,07/09/2025,4.2399,EUR
132/A/NBP/2025,07/10/2025,4.2464,EUR
133/A/NBP/2025,07/11/2025,4.2563,EUR
134/A/NBP/2025,07/14/2025,4.2614,EUR
135/A/NBP/2025,07/15/2025,4.2538,EUR
136/A/NBP/2025,07/16/2025,4.2585,EUR
137/A/NBP/2025,07/17/2025,4.2559,EUR
138/A/NBP/2025,07/18/2025,4.2509,EUR
139/A/NBP/2025,07/21/2025,4.2445,EUR
140/A/NBP/2025,07/22/2025,4.2531,EUR
141/A/NBP/2025,07/23/2025,4.2544,EUR
142/A/NBP/2025,07/24/2025,4.2514,EUR
143/A/NBP/2025,07/25/2025,4.2544,EUR
144/A/NBP/2025,07/28/2025,4.2565,EUR
145/A/NBP/2025,07/29/2025,4.2737,EUR
146/A/NBP/2025,07/30/2025,4.2732,EUR
147/A/NBP/2025,07/31/2025,4.2661,EUR
148/A/NBP/2025,08/01/2025,4.2813,EUR
149/A/NBP/2025,08/04/2025,4.2734,EUR
150/A/NBP/2025,08/05/2025,4.2763,EUR
151/A/NBP/2025,08/06/2025,4.282,EUR
152/A/NBP/2025,08/07/2025,4.2618,EUR
153/A/NBP/2025,08/08/2025,4.2566,EUR
154/A/NBP/2025,08/11/2025,4.2533,EUR
155/A/NBP/2025,08/12/2025,4.2626,EUR
156/A/NBP/2025,08/13/2025,4.2586,EUR
157/A/NBP/2025,08/14/2025,4.2639,EUR
158/A/NBP/2025,08/18/2025,4.2558,EUR
159/A/NBP/2025,08/19/2025,4.242,EUR
160/A/NBP/2025,08/20/2025,4.2524,EUR
161/A/NBP/2025,08/21/2025,4.2521,EUR
162/A/NBP/2025,08/22/2025,4.267,EUR
163/A/NBP/2025,08/25/2025,4.2627,EUR
164/A/NBP/2025,08/26/2025,4.2657,EUR
165/A/NBP/2025,08/27/2025,4.2639,EUR
166/A/NBP/2025,08/28/2025,4.2681,EUR
167/A/NBP/2025,08/29/2025,4.2684,EUR
168/A/NBP/2025,09/01/2025,4.2574,EUR
169/A/NBP/2025,09/02/2025,4.2651,EUR
170/A/NBP/2025,09/03/2025,4.2589,EUR
171/A/NBP/2025,09/04/2025,4.2553,EUR
172/A/NBP/2025,09/05/2025,4.2476,EUR
173/A/NBP/2025,09/08/2025,4.2484,EUR
174/A/NBP/2025,09/09/2025,4.254,EUR
175/A/NBP/2025,09/10/2025,4.2604,EUR
176/A/NBP/2025,09/11/2025,4.2626,EUR
177/A/NBP/2025,09/12/2025,4.2593,EUR
178/A/NBP/2025,09/15/2025,4.2476,EUR
179/A/NBP/2025,09/16/2025,4.2504,EUR
180/A/NBP/2025,09/17/2025,4.2559,EUR
181/A/NBP/2025,09/18/2025,4.2564,EUR
182/A/NBP/2025,09/19/2025,4.2666,EUR
183/A/NBP/2025,09/22/2025,4.2645,EUR
184/A/NBP/2025,09/23/2025,4.2552,EUR
185/A/NBP/2025,09/24/2025,4.2676,EUR
186/A/NBP/2025,09/25/2025,4.2619,EUR
187/A/NBP/2025,09/26/2025,4.2668,EUR
188/A/NBP/2025,09/29/2025,4.2688,EUR
189/A/NBP/2025,09/30/2025,4.2692,EUR
190/A/NBP/2025,10/01/2025,4.2586,EUR
191/A/NBP/2025,10/02/2025,4.256,EUR
192/A/NBP/2025,10/03/2025,4.2559,EUR
193/A/NBP/2025,10/06/2025,4.2521,EUR
194/A/NBP/2025,10/07/2025,4.2559,EUR
195/A/NBP/2025,10/08/2025,4.2533,EUR
196/A/NBP/2025,10/09/2025,4.2569,EUR
197/A/NBP/2025,10/10/2025,4.2583,EUR
198/A/NBP/2025,10/13/2025,4.2592,EUR
199/A/NBP/2025,10/14/2025,4.2645,EUR
200/A/NBP/2025,10/15/2025,4.2556,EUR
201/A/NBP/2025,10/16/2025,4.2517,EUR
202/A/NBP/2025,10/17/2025,4.2565,EUR
203/A/NBP/2025,10/20/2025,4.2396,EUR
204/A/NBP/2025,10/21/2025,4.2392,EUR
205/A/NBP/2025,10/22/2025,4.2438,EUR
206/A/NBP/2025,10/23/2025,4.2347,EUR
207/A/NBP/2025,10/24/2025,4.2353,EUR
208/A/NBP/2025,10/27/2025,4.2353,EUR
209/A/NBP/2025,10/28/2025,4.2345,EUR
210/A/NBP/2025,10/29/2025,4.2374,EUR
211/A/NBP/2025,10/30/2025,4.2425,EUR
212/A/NBP/2025,10/31/2025,4.2543,EUR
213/A/NBP/2025,11/03/2025,4.2527,EUR
214/A/NBP/2025,11/04/2025,4.2575,EUR
215/A/NBP/2025,11/05/2025,4.2597,EUR
216/A/NBP/2025,11/06/2025,4.2566,EUR
217/A/NBP/2025,11/07/2025,4.2483,EUR
218/A/NBP/2025,11/10/2025,4.2351,EUR
219/A/NBP/2025,11/12/2025,4.2312,EUR
220/A/NBP/2025,11/13/2025,4.2304,EUR
221/A/NBP/2025,11/14/2025,4.2274,EUR
222/A/NBP/2025,11/17/2025,4.2231,EUR
223/A/NBP/2025,11/18/2025,4.2331,EUR
224/A/NBP/2025,11/19/2025,4.2424,EUR
225/A/NBP/2025,11/20/2025,4.2289,EUR
226/A/NBP/2025,11/21/2025,4.2489,EUR
227/A/NBP/2025,11/24/2025,4.2345,EUR
228/A/NBP/2025,11/25/2025,4.2301,EUR
229/A/NBP/2025,11/26/2025,4.233,EUR
230/A/NBP/2025,11/27/2025,4.227,EUR
231/A/NBP/2025,11/28/2025,4.2369,EUR
232/A/NBP/2025,12/01/2025,4.2286,EUR
233/A/NBP/2025,12/02/2025,4.239,EUR
234/A/NBP/2025,12/03/2025,4.2312,EUR
235/A/NBP/2025,12/04/2025,4.2299,EUR
236/A/NBP/2025,12/05/2025,4.2321,EUR
237/A/NBP/2025,12/08/2025,4.2289,EUR
238/A/NBP/2025,12/09/2025,4.234,EUR
239/A/NBP/2025,12/10/2025,4.2274,EUR
240/A/NBP/2025,12/11/2025,4.2284,EUR
241/A/NBP/2025,12/12/2025,4.2271,EUR
242/A/NBP/2025,12/15/2025,4.2192,EUR
243/A/NBP/2025,12/16/2025,4.2239,EUR
244/A/NBP/2025,12/17/2025,4.2149,EUR
245/A/NBP/2025,12/18/2025,4.2076,EUR
246/A/NBP/2025,12/19/2025,4.2094,EUR
247/A/NBP/2025,12/22/2025,4.2115,EUR
248/A/NBP/2025,12/23/2025,4.2274,EUR
249/A/NBP/2025,12/29/2025,4.2274,EUR
250/A/NBP/2025,12/30/2025,4.2293,EUR
251/A/NBP/2025,12/31/2025,4.2267,EUR
001/A/NBP/2025,01/02/2025,4.5554,CHF
002/A/NBP/2025,01/03/2025,4.5658,CHF
003/A/NBP/2025,01/07/2025,4.5097,CHF
004/A/NBP/2025,01/08/2025,4.533,CHF
005/A/NBP/2025,01/09/2025,4.5555,CHF
006/A/NBP/2025,01/10/2025,4.5341,CHF
007/A/NBP/2025,01/13/2025,4.5699,CHF
008/A/NBP/2025,01/14/2025,4.5477,CHF
009/A/NBP/2025,01/15/2025,4.5331,CHF
010/A/NBP/2025,01/16/2025,4.5476,CHF
011/A/NBP/2025,01/17/2025,4.5503,CHF
012/A/NBP/2025,01/20/2025,4.5221,CHF
013/A/NBP/2025,01/21/2025,4.5138,CHF
014/A/NBP/2025,01/22/2025,4.4947,CHF
015/A/NBP/2025,01/23/2025,4.4658,CHF
016/A/NBP/2025,01/24/2025,4.4365,CHF
017/A/NBP/2025,01/27/2025,4.4605,CHF
018/A/NBP/2025,01/28/2025,4.453,CHF
019/A/NBP/2025,01/29/2025,4.4625,CHF
020/A/NBP/2025,01/30/2025,4.4502,CHF
021/A/NBP/2025,01/31/2025,4.4549,CHF
022/A/NBP/2025,02/03/2025,4.507,CHF
023/A/NBP/2025,02/04/2025,4.4924,CHF
024/A/NBP/2025,02/05/2025,4.4779,CHF
025/A/NBP/2025,02/06/2025,4.4861,CHF
026/A/NBP/2025,02/07/2025,4.4506,CHF
027/A/NBP/2025,02/10/2025,4.4545,CHF
028/A/NBP/2025,02/11/2025,4.4412,CHF
029/A/NBP/2025,02/12/2025,4.4166,CHF
030/A/NBP/2025,02/13/2025,4.4016,CHF
031/A/NBP/2025,02/14/2025,4.4043,CHF
032/A/NBP/2025,02/17/2025,4.4152,CHF
033/A/NBP/2025,02/18/2025,4.4124,CHF
034/A/NBP/2025,02/19/2025,4.4079,CHF
035/A/NBP/2025,02/20/2025,4.4313,CHF
036/A/NBP/2025,02/21/2025,4.4313,CHF
037/A/NBP/2025,02/24/2025,4.4187,CHF
038/A/NBP/2025,02/25/2025,4.4041,CHF
039/A/NBP/2025,02/26/2025,4.4076,CHF
040/A/NBP/2025,02/27/2025,4.3965,CHF
041/A/NBP/2025,02/28/2025,4.4344,CHF
042/A/NBP/2025,03/03/2025,4.4528,CHF
043/A/NBP/2025,03/04/2025,4.4356,CHF
044/A/NBP/2025,03/05/2025,4.3787,CHF
045/A/NBP/2025,03/06/2025,4.3645,CHF
046/A/NBP/2025,03/07/2025,4.3762,CHF
047/A/NBP/2025,03/10/2025,4.3977,CHF
048/A/NBP/2025,03/11/2025,4.3669,CHF
049/A/NBP/2025,03/12/2025,4.3568,CHF
050/A/NBP/2025,03/13/2025,4.3722,CHF
051/A/NBP/2025,03/14/2025,4.3531,CHF
052/A/NBP/2025,03/17/2025,4.3423,CHF
053/A/NBP/2025,03/18/2025,4.337,CHF
054/A/NBP/2025,03/19/2025,4.38,CHF
055/A/NBP/2025,03/20/2025,4.3844,CHF
056/A/NBP/2025,03/21/2025,4.3911,CHF
057/A/NBP/2025,03/24/2025,4.3764,CHF
058/A/NBP/2025,03/25/2025,4.3655,CHF
059/A/NBP/2025,03/26/2025,4.3696,CHF
060/A/NBP/2025,03/27/2025,4.4003,CHF
061/A/NBP/2025,03/28/2025,4.3976,CHF
062/A/NBP/2025,03/31/2025,4.3875,CHF
063/A/NBP/2025,04/01/2025,4.38,CHF
064/A/NBP/2025,04/02/2025,4.3763,CHF
065/A/NBP/2025,04/03/2025,4.3827,CHF
066/A/NBP/2025,04/04/2025,4.5069,CHF
067/A/NBP/2025,04/07/2025,4.5933,CHF
068/A/NBP/2025,04/08/2025,4.5702,CHF
069/A/NBP/2025,04/09/2025,4.6068,CHF
070/A/NBP/2025,04/10/2025,4.5657,CHF
071/A/NBP/2025,04/11/2025,4.6249,CHF
072/A/NBP/2025,04/14/2025,4.5976,CHF
073/A/NBP/2025,04/15/2025,4.6257,CHF
074/A/NBP/2025,04/16/2025,4.6317,CHF
075/A/NBP/2025,04/17/2025,4.6144,CHF
076/A/NBP/2025,04/18/2025,4.5982,CHF
077/A/NBP/2025,04/22/2025,4.5919,CHF
078/A/NBP/2025,04/23/2025,4.575,CHF
079/A/NBP/2025,04/24/2025,4.5484,CHF
080/A/NBP/2025,04/25/2025,4.5278,CHF
081/A/NBP/2025,04/28/2025,4.539,CHF
082/A/NBP/2025,04/29/2025,4.5404,CHF
083/A/NBP/2025,04/30/2025,4.5562,CHF
084/A/NBP/2025,05/02/2025,4.5654,CHF
085/A/NBP/2025,05/05/2025,4.5764,CHF
086/A/NBP/2025,05/06/2025,4.5855,CHF
087/A/NBP/2025,05/07/2025,4.5595,CHF
088/A/NBP/2025,05/08/2025,4.5762,CHF
089/A/NBP/2025,05/09/2025,4.5389,CHF
090/A/NBP/2025,05/12/2025,4.5164,CHF
091/A/NBP/2025,05/13/2025,4.5564,CHF
092/A/NBP/2025,05/14/2025,4.5206,CHF
093/A/NBP/2025,05/15/2025,4.5184,CHF
094/A/NBP/2025,05/16/2025,4.531,CHF
095/A/NBP/2025,05/19/2025,4.5608,CHF
096/A/NBP/2025,05/20/2025,4.5376,CHF
097/A/NBP/2025,05/21/2025,4.5365,CHF
098/A/NBP/2025,05/22/2025,4.5456,CHF
099/A/NBP/2025,05/23/2025,4.5392,CHF
100/A/NBP/2025,05/26/2025,4.545,CHF
101/A/NBP/2025,05/27/2025,4.5369,CHF
102/A/NBP/2025,05/28/2025,4.5306,CHF
103/A/NBP/2025,05/29/2025,4.53,CHF
104/A/NBP/2025,05/30/2025,4.5555,CHF
105/A/NBP/2025,06/02/2025,4.5592,CHF
106/A/NBP/2025,06/03/2025,4.5718,CHF
107/A/NBP/2025,06/04/2025,4.564,CHF
108/A/NBP/2025,06/05/2025,4.57,CHF
109/A/NBP/2025,06/06/2025,4.5696,CHF
110/A/NBP/2025,06/09/2025,4.5628,CHF
111/A/NBP/2025,06/10/2025,4.5486,CHF
112/A/NBP/2025,06/11/2025,4.5382,CHF
113/A/NBP/2025,06/12/2025,4.5333,CHF
114/A/NBP/2025,06/13/2025,4.5604,CHF
115/A/NBP/2025,06/16/2025,4.5317,CHF
116/A/NBP/2025,06/17/2025,4.5527,CHF
117/A/NBP/2025,06/18/2025,4.5446,CHF
118/A/NBP/2025,06/20/2025,4.5423,CHF
119/A/NBP/2025,06/23/2025,4.5495,CHF
120/A/NBP/2025,06/24/2025,4.5294,CHF
121/A/NBP/2025,06/25/2025,4.5427,CHF
122/A/NBP/2025,06/26/2025,4.5306,CHF
123/A/NBP/2025,06/27/2025,4.5307,CHF
124/A/NBP/2025,06/30/2025,4.5336,CHF
125/A/NBP/2025,07/01/2025,4.5495,CHF
126/A/NBP/2025,07/02/2025,4.554,CHF
127/A/NBP/2025,07/03/2025,4.563,CHF
128/A/NBP/2025,07/04/2025,4.551,CHF
129/A/NBP/2025,07/07/2025,4.55,CHF
130/A/NBP/2025,07/08/2025,4.537,CHF
131/A/NBP/2025,07/09/2025,4.5451,CHF
132/A/NBP/2025,07/10/2025,4.5535,CHF
133/A/NBP/2025,07/11/2025,4.5695,CHF
134/A/NBP/2025,07/14/2025,4.576,CHF
135/A/NBP/2025,07/15/2025,4.5732,CHF
136/A/NBP/2025,07/16/2025,4.5719,CHF
137/A/NBP/2025,07/17/2025,4.5662,CHF
138/A/NBP/2025,07/18/2025,4.5537,CHF
139/A/NBP/2025,07/21/2025,4.5554,CHF
140/A/NBP/2025,07/22/2025,4.5612,CHF
141/A/NBP/2025,07/23/2025,4.5746,CHF
142/A/NBP/2025,07/24/2025,4.5543,CHF
143/A/NBP/2025,07/25/2025,4.5514,CHF
144/A/NBP/2025,07/28/2025,4.5607,CHF
145/A/NBP/2025,07/29/2025,4.588,CHF
146/A/NBP/2025,07/30/2025,4.5958,CHF
147/A/NBP/2025,07/31/2025,4.5838,CHF
148/A/NBP/2025,08/01/2025,4.5937,CHF
149/A/NBP/2025,08/04/2025,4.57,CHF
150/A/NBP/2025,08/05/2025,4.5702,CHF
151/A/NBP/2025,08/06/2025,4.5733,CHF
152/A/NBP/2025,08/07/2025,4.5249,CHF
153/A/NBP/2025,08/08/2025,4.5237,CHF
154/A/NBP/2025,08/11/2025,4.5145,CHF
155/A/NBP/2025,08/12/2025,4.5311,CHF
156/A/NBP/2025,08/13/2025,4.5249,CHF
157/A/NBP/2025,08/14/2025,4.5296,CHF
158/A/NBP/2025,08/18/2025,4.5135,CHF
159/A/NBP/2025,08/19/2025,4.5077,CHF
160/A/NBP/2025,08/20/2025,4.5226,CHF
161/A/NBP/2025,08/21/2025,4.5307,CHF
162/A/NBP/2025,08/22/2025,4.5452,CHF
163/A/NBP/2025,08/25/2025,4.5416,CHF
164/A/NBP/2025,08/26/2025,4.5511,CHF
165/A/NBP/2025,08/27/2025,4.5623,CHF
166/A/NBP/2025,08/28/2025,4.5753,CHF
167/A/NBP/2025,08/29/2025,4.5659,CHF
168/A/NBP/2025,09/01/2025,4.542,CHF
169/A/NBP/2025,09/02/2025,4.5541,CHF
170/A/NBP/2025,09/03/2025,4.5436,CHF
171/A/NBP/2025,09/04/2025,4.5378,CHF
172/A/NBP/2025,09/05/2025,4.5257,CHF
173/A/NBP/2025,09/08/2025,4.5498,CHF
174/A/NBP/2025,09/09/2025,4.5614,CHF
175/A/NBP/2025,09/10/2025,4.5659,CHF
176/A/NBP/2025,09/11/2025,4.5611,CHF
177/A/NBP/2025,09/12/2025,4.5588,CHF
178/A/NBP/2025,09/15/2025,4.5458,CHF
179/A/NBP/2025,09/16/2025,4.5486,CHF
180/A/NBP/2025,09/17/2025,4.5647,CHF
181/A/NBP/2025,09/18/2025,4.5601,CHF
182/A/NBP/2025,09/19/2025,4.5617,CHF
183/A/NBP/2025,09/22/2025,4.5651,CHF
184/A/NBP/2025,09/23/2025,4.5527,CHF
185/A/NBP/2025,09/24/2025,4.566,CHF
186/A/NBP/2025,09/25/2025,4.5604,CHF
187/A/NBP/2025,09/26/2025,4.5705,CHF
188/A/NBP/2025,09/29/2025,4.5739,CHF
189/A/NBP/2025,09/30/2025,4.5616,CHF
190/A/NBP/2025,10/01/2025,4.5542,CHF
191/A/NBP/2025,10/02/2025,4.5475,CHF
192/A/NBP/2025,10/03/2025,4.5527,CHF
193/A/NBP/2025,10/06/2025,4.5631,CHF
194/A/NBP/2025,10/07/2025,4.5728,CHF
195/A/NBP/2025,10/08/2025,4.5712,CHF
196/A/NBP/2025,10/09/2025,4.5704,CHF
197/A/NBP/2025,10/10/2025,4.5675,CHF
198/A/NBP/2025,10/13/2025,4.5719,CHF
199/A/NBP/2025,10/14/2025,4.5931,CHF
200/A/NBP/2025,10/15/2025,4.5739,CHF
201/A/NBP/2025,10/16/2025,4.5781,CHF
202/A/NBP/2025,10/17/2025,4.6096,CHF
203/A/NBP/2025,10/20/2025,4.5866,CHF
204/A/NBP/2025,10/21/2025,4.5961,CHF
205/A/NBP/2025,10/22/2025,4.5963,CHF
206/A/NBP/2025,10/23/2025,4.579,CHF
207/A/NBP/2025,10/24/2025,4.5839,CHF
208/A/NBP/2025,10/27/2025,4.572,CHF
209/A/NBP/2025,10/28/2025,4.5783,CHF
210/A/NBP/2025,10/29/2025,4.5716,CHF
211/A/NBP/2025,10/30/2025,4.5719,CHF
212/A/NBP/2025,10/31/2025,4.5849,CHF
213/A/NBP/2025,11/03/2025,4.5753,CHF
214/A/NBP/2025,11/04/2025,4.5775,CHF
215/A/NBP/2025,11/05/2025,4.5759,CHF
216/A/NBP/2025,11/06/2025,4.5706,CHF
217/A/NBP/2025,11/07/2025,4.5556,CHF
218/A/NBP/2025,11/10/2025,4.5426,CHF
219/A/NBP/2025,11/12/2025,4.5755,CHF
220/A/NBP/2025,11/13/2025,4.5779,CHF
221/A/NBP/2025,11/14/2025,4.5918,CHF
222/A/NBP/2025,11/17/2025,4.5826,CHF
223/A/NBP/2025,11/18/2025,4.5865,CHF
224/A/NBP/2025,11/19/2025,4.5743,CHF
225/A/NBP/2025,11/20/2025,4.5538,CHF
226/A/NBP/2025,11/21/2025,4.5768,CHF
227/A/NBP/2025,11/24/2025,4.5496,CHF
228/A/NBP/2025,11/25/2025,4.5307,CHF
229/A/NBP/2025,11/26/2025,4.535,CHF
230/A/NBP/2025,11/27/2025,4.5318,CHF
231/A/NBP/2025,11/28/2025,4.5416,CHF
232/A/NBP/2025,12/01/2025,4.5318,CHF
233/A/NBP/2025,12/02/2025,4.5398,CHF
234/A/NBP/2025,12/03/2025,4.5312,CHF
235/A/NBP/2025,12/04/2025,4.529,CHF
236/A/NBP/2025,12/05/2025,4.5236,CHF
237/A/NBP/2025,12/08/2025,4.5132,CHF
238/A/NBP/2025,12/09/2025,4.5103,CHF
239/A/NBP/2025,12/10/2025,4.5119,CHF
240/A/NBP/2025,12/11/2025,4.5277,CHF
241/A/NBP/2025,12/12/2025,4.5326,CHF
242/A/NBP/2025,12/15/2025,4.5128,CHF
243/A/NBP/2025,12/16/2025,4.5149,CHF
244/A/NBP/2025,12/17/2025,4.5086,CHF
245/A/NBP/2025,12/18/2025,4.5064,CHF
246/A/NBP/2025,12/19/2025,4.5197,CHF
247/A/NBP/2025,12/22/2025,4.5253,CHF
248/A/NBP/2025,12/23/2025,4.5473,CHF
249/A/NBP/2025,12/29/2025,4.5527,CHF
250/A/NBP/2025,12/30/2025,4.5555,CHF
251/A/NBP/2025,12/31/2025,4.539,CHF
001/A/NBP/2025,01/02/2025,0.026287,JPY
002/A/NBP/2025,01/03/2025,0.026398,JPY
003/A/NBP/2025,01/07/2025,0.025866,JPY
004/A/NBP/2025,01/08/2025,0.026134,JPY
005/A/NBP/2025,01/09/2025,0.026263,JPY
006/A/NBP/2025,01/10/2025,0.026221,JPY
007/A/NBP/2025,01/13/2025,0.026673,JPY
008/A/NBP/2025,01/14/2025,0.026374,JPY
009/A/NBP/2025,01/15/2025,0.026347,JPY
010/A/NBP/2025,01/16/2025,0.026613,JPY
011/A/NBP/2025,01/17/2025,0.026622,JPY
012/A/NBP/2025,01/20/2025,0.026438,JPY
013/A/NBP/2025,01/21/2025,0.026365,JPY
014/A/NBP/2025,01/22/2025,0.026109,JPY
015/A/NBP/2025,01/23/2025,0.025908,JPY
016/A/NBP/2025,01/24/2025,0.025783,JPY
017/A/NBP/2025,01/27/2025,0.02601,JPY
018/A/NBP/2025,01/28/2025,0.025948,JPY
019/A/NBP/2025,01/29/2025,0.026034,JPY
020/A/NBP/2025,01/30/2025,0.026152,JPY
021/A/NBP/2025,01/31/2025,0.026224,JPY
022/A/NBP/2025,02/03/2025,0.026677,JPY
023/A/NBP/2025,02/04/2025,0.026306,JPY
024/A/NBP/2025,02/05/2025,0.026449,JPY
025/A/NBP/2025,02/06/2025,0.026602,JPY
026/A/NBP/2025,02/07/2025,0.026556,JPY
027/A/NBP/2025,02/10/2025,0.02664,JPY
028/A/NBP/2025,02/11/2025,0.026651,JPY
029/A/NBP/2025,02/12/2025,0.026197,JPY
030/A/NBP/2025,02/13/2025,0.025952,JPY
031/A/NBP/2025,02/14/2025,0.026044,JPY
032/A/NBP/2025,02/17/2025,0.026183,JPY
033/A/NBP/2025,02/18/2025,0.026167,JPY
034/A/NBP/2025,02/19/2025,0.02629,JPY
035/A/NBP/2025,02/20/2025,0.026594,JPY
036/A/NBP/2025,02/21/2025,0.026472,JPY
037/A/NBP/2025,02/24/2025,0.026565,JPY
038/A/NBP/2025,02/25/2025,0.026385,JPY
039/A/NBP/2025,02/26/2025,0.026402,JPY
040/A/NBP/2025,02/27/2025,0.026333,JPY
041/A/NBP/2025,02/28/2025,0.026617,JPY
042/A/NBP/2025,03/03/2025,0.026681,JPY
043/A/NBP/2025,03/04/2025,0.02653,JPY
044/A/NBP/2025,03/05/2025,0.025962,JPY
045/A/NBP/2025,03/06/2025,0.02615,JPY
046/A/NBP/2025,03/07/2025,0.026073,JPY
047/A/NBP/2025,03/10/2025,0.026199,JPY
048/A/NBP/2025,03/11/2025,0.026109,JPY
049/A/NBP/2025,03/12/2025,0.025904,JPY
050/A/NBP/2025,03/13/2025,0.026032,JPY
051/A/NBP/2025,03/14/2025,0.025848,JPY
052/A/NBP/2025,03/17/2025,0.02578,JPY
053/A/NBP/2025,03/18/2025,0.025468,JPY
054/A/NBP/2025,03/19/2025,0.025685,JPY
055/A/NBP/2025,03/20/2025,0.026001,JPY
056/A/NBP/2025,03/21/2025,0.025955,JPY
057/A/NBP/2025,03/24/2025,0.025802,JPY
058/A/NBP/2025,03/25/2025,0.025634,JPY
059/A/NBP/2025,03/26/2025,0.025722,JPY
060/A/NBP/2025,03/27/2025,0.025782,JPY
061/A/NBP/2025,03/28/2025,0.025777,JPY
062/A/NBP/2025,03/31/2025,0.025923,JPY
063/A/NBP/2025,04/01/2025,0.025828,JPY
064/A/NBP/2025,04/02/2025,0.025863,JPY
065/A/NBP/2025,04/03/2025,0.025855,JPY
066/A/NBP/2025,04/04/2025,0.026336,JPY
067/A/NBP/2025,04/07/2025,0.026738,JPY
068/A/NBP/2025,04/08/2025,0.026636,JPY
069/A/NBP/2025,04/09/2025,0.026724,JPY
070/A/NBP/2025,04/10/2025,0.026407,JPY
071/A/NBP/2025,04/11/2025,0.026405,JPY
072/A/NBP/2025,04/14/2025,0.026284,JPY
073/A/NBP/2025,04/15/2025,0.026373,JPY
074/A/NBP/2025,04/16/2025,0.026549,JPY
075/A/NBP/2025,04/17/2025,0.026417,JPY
076/A/NBP/2025,04/18/2025,0.026452,JPY
077/A/NBP/2025,04/22/2025,0.026487,JPY
078/A/NBP/2025,04/23/2025,0.026516,JPY
079/A/NBP/2025,04/24/2025,0.02636,JPY
080/A/NBP/2025,04/25/2025,0.026222,JPY
081/A/NBP/2025,04/28/2025,0.02626,JPY
082/A/NBP/2025,04/29/2025,0.026271,JPY
083/A/NBP/2025,04/30/2025,0.026336,JPY
084/A/NBP/2025,05/02/2025,0.026044,JPY
085/A/NBP/2025,05/05/2025,0.026207,JPY
086/A/NBP/2025,05/06/2025,0.026401,JPY
087/A/NBP/2025,05/07/2025,0.026266,JPY
088/A/NBP/2025,05/08/2025,0.02613,JPY
089/A/NBP/2025,05/09/2025,0.025953,JPY
090/A/NBP/2025,05/12/2025,0.025727,JPY
091/A/NBP/2025,05/13/2025,0.025872,JPY
092/A/NBP/2025,05/14/2025,0.025829,JPY
093/A/NBP/2025,05/15/2025,0.025937,JPY
094/A/NBP/2025,05/16/2025,0.026051,JPY
095/A/NBP/2025,05/19/2025,0.026232,JPY
096/A/NBP/2025,05/20/2025,0.026125,JPY
097/A/NBP/2025,05/21/2025,0.025986,JPY
098/A/NBP/2025,05/22/2025,0.026212,JPY
099/A/NBP/2025,05/23/2025,0.026172,JPY
100/A/NBP/2025,05/26/2025,0.026133,JPY
101/A/NBP/2025,05/27/2025,0.026017,JPY
102/A/NBP/2025,05/28/2025,0.026004,JPY
103/A/NBP/2025,05/29/2025,0.025875,JPY
104/A/NBP/2025,05/30/2025,0.026056,JPY
105/A/NBP/2025,06/02/2025,0.026084,JPY
106/A/NBP/2025,06/03/2025,0.026215,JPY
107/A/NBP/2025,06/04/2025,0.026079,JPY
108/A/NBP/2025,06/05/2025,0.026166,JPY
109/A/NBP/2025,06/06/2025,0.026077,JPY
110/A/NBP/2025,06/09/2025,0.025961,JPY
111/A/NBP/2025,06/10/2025,0.025823,JPY
112/A/NBP/2025,06/11/2025,0.025714,JPY
113/A/NBP/2025,06/12/2025,0.025681,JPY
114/A/NBP/2025,06/13/2025,0.02577,JPY
115/A/NBP/2025,06/16/2025,0.025511,JPY
116/A/NBP/2025,06/17/2025,0.025539,JPY
117/A/NBP/2025,06/18/2025,0.025617,JPY
118/A/NBP/2025,06/20/2025,0.025505,JPY
119/A/NBP/2025,06/23/2025,0.02521,JPY
120/A/NBP/2025,06/24/2025,0.025329,JPY
121/A/NBP/2025,06/25/2025,0.02515,JPY
122/A/NBP/2025,06/26/2025,0.025166,JPY
123/A/NBP/2025,06/27/2025,0.025049,JPY
124/A/NBP/2025,06/30/2025,0.025095,JPY
125/A/NBP/2025,07/01/2025,0.025119,JPY
126/A/NBP/2025,07/02/2025,0.025069,JPY
127/A/NBP/2025,07/03/2025,0.025115,JPY
128/A/NBP/2025,07/04/2025,0.025015,JPY
129/A/NBP/2025,07/07/2025,0.024956,JPY
130/A/NBP/2025,07/08/2025,0.024717,JPY
131/A/NBP/2025,07/09/2025,0.024677,JPY
132/A/NBP/2025,07/10/2025,0.024739,JPY
133/A/NBP/2025,07/11/2025,0.024787,JPY
134/A/NBP/2025,07/14/2025,0.024758,JPY
135/A/NBP/2025,07/15/2025,0.024647,JPY
136/A/NBP/2025,07/16/2025,0.024611,JPY
137/A/NBP/2025,07/17/2025,0.024687,JPY
138/A/NBP/2025,07/18/2025,0.024585,JPY
139/A/NBP/2025,07/21/2025,0.024651,JPY
140/A/NBP/2025,07/22/2025,0.024628,JPY
141/A/NBP/2025,07/23/2025,0.024701,JPY
142/A/NBP/2025,07/24/2025,0.024674,JPY
143/A/NBP/2025,07/25/2025,0.024519,JPY
144/A/NBP/2025,07/28/2025,0.024579,JPY
145/A/NBP/2025,07/29/2025,0.024866,JPY
146/A/NBP/2025,07/30/2025,0.024989,JPY
147/A/NBP/2025,07/31/2025,0.024899,JPY
148/A/NBP/2025,08/01/2025,0.02492,JPY
149/A/NBP/2025,08/04/2025,0.024999,JPY
150/A/NBP/2025,08/05/2025,0.025116,JPY
151/A/NBP/2025,08/06/2025,0.025028,JPY
152/A/NBP/2025,08/07/2025,0.024791,JPY
153/A/NBP/2025,08/08/2025,0.024771,JPY
154/A/NBP/2025,08/11/2025,0.024739,JPY
155/A/NBP/2025,08/12/2025,0.024726,JPY
156/A/NBP/2025,08/13/2025,0.024685,JPY
157/A/NBP/2025,08/14/2025,0.024934,JPY
158/A/NBP/2025,08/18/2025,0.024725,JPY
159/A/NBP/2025,08/19/2025,0.024605,JPY
160/A/NBP/2025,08/20/2025,0.024758,JPY
161/A/NBP/2025,08/21/2025,0.024718,JPY
162/A/NBP/2025,08/22/2025,0.024748,JPY
163/A/NBP/2025,08/25/2025,0.024728,JPY
164/A/NBP/2025,08/26/2025,0.024881,JPY
165/A/NBP/2025,08/27/2025,0.024875,JPY
166/A/NBP/2025,08/28/2025,0.024906,JPY
167/A/NBP/2025,08/29/2025,0.024877,JPY
168/A/NBP/2025,09/01/2025,0.024681,JPY
169/A/NBP/2025,09/02/2025,0.024674,JPY
170/A/NBP/2025,09/03/2025,0.024589,JPY
171/A/NBP/2025,09/04/2025,0.024628,JPY
172/A/NBP/2025,09/05/2025,0.024538,JPY
173/A/NBP/2025,09/08/2025,0.024521,JPY
174/A/NBP/2025,09/09/2025,0.024672,JPY
175/A/NBP/2025,09/10/2025,0.024684,JPY
176/A/NBP/2025,09/11/2025,0.024657,JPY
177/A/NBP/2025,09/12/2025,0.024575,JPY
178/A/NBP/2025,09/15/2025,0.024549,JPY
179/A/NBP/2025,09/16/2025,0.024514,JPY
180/A/NBP/2025,09/17/2025,0.024526,JPY
181/A/NBP/2025,09/18/2025,0.024408,JPY
182/A/NBP/2025,09/19/2025,0.024534,JPY
183/A/NBP/2025,09/22/2025,0.024519,JPY
184/A/NBP/2025,09/23/2025,0.024432,JPY
185/A/NBP/2025,09/24/2025,0.024451,JPY
186/A/NBP/2025,09/25/2025,0.0244,JPY
187/A/NBP/2025,09/26/2025,0.024392,JPY
188/A/NBP/2025,09/29/2025,0.024514,JPY
189/A/NBP/2025,09/30/2025,0.024562,JPY
190/A/NBP/2025,10/01/2025,0.02463,JPY
191/A/NBP/2025,10/02/2025,0.024665,JPY
192/A/NBP/2025,10/03/2025,0.024604,JPY
193/A/NBP/2025,10/06/2025,0.024237,JPY
194/A/NBP/2025,10/07/2025,0.024193,JPY
195/A/NBP/2025,10/08/2025,0.023975,JPY
196/A/NBP/2025,10/09/2025,0.02399,JPY
197/A/NBP/2025,10/10/2025,0.02409,JPY
198/A/NBP/2025,10/13/2025,0.024132,JPY
199/A/NBP/2025,10/14/2025,0.024275,JPY
200/A/NBP/2025,10/15/2025,0.024193,JPY
201/A/NBP/2025,10/16/2025,0.024111,JPY
202/A/NBP/2025,10/17/2025,0.024294,JPY
203/A/NBP/2025,10/20/2025,0.024139,JPY
204/A/NBP/2025,10/21/2025,0.02406,JPY
205/A/NBP/2025,10/22/2025,0.024123,JPY
206/A/NBP/2025,10/23/2025,0.023928,JPY
207/A/NBP/2025,10/24/2025,0.023849,JPY
208/A/NBP/2025,10/27/2025,0.023824,JPY
209/A/NBP/2025,10/28/2025,0.023912,JPY
210/A/NBP/2025,10/29/2025,0.023911,JPY
211/A/NBP/2025,10/30/2025,0.023746,JPY
212/A/NBP/2025,10/31/2025,0.023841,JPY
213/A/NBP/2025,11/03/2025,0.023957,JPY
214/A/NBP/2025,11/04/2025,0.024118,JPY
215/A/NBP/2025,11/05/2025,0.024134,JPY
216/A/NBP/2025,11/06/2025,0.024051,JPY
217/A/NBP/2025,11/07/2025,0.023987,JPY
218/A/NBP/2025,11/10/2025,0.023747,JPY
219/A/NBP/2025,11/12/2025,0.023618,JPY
220/A/NBP/2025,11/13/2025,0.023567,JPY
221/A/NBP/2025,11/14/2025,0.023513,JPY
222/A/NBP/2025,11/17/2025,0.023522,JPY
223/A/NBP/2025,11/18/2025,0.02353,JPY
224/A/NBP/2025,11/19/2025,0.023504,JPY
225/A/NBP/2025,11/20/2025,0.023339,JPY
226/A/NBP/2025,11/21/2025,0.023516,JPY
227/A/NBP/2025,11/24/2025,0.023429,JPY
228/A/NBP/2025,11/25/2025,0.023465,JPY
229/A/NBP/2025,11/26/2025,0.023381,JPY
230/A/NBP/2025,11/27/2025,0.02335,JPY
231/A/NBP/2025,11/28/2025,0.023427,JPY
232/A/NBP/2025,12/01/2025,0.023429,JPY
233/A/NBP/2025,12/02/2025,0.02341,JPY
234/A/NBP/2025,12/03/2025,0.023346,JPY
235/A/NBP/2025,12/04/2025,0.023397,JPY
236/A/NBP/2025,12/05/2025,0.02344,JPY
237/A/NBP/2025,12/08/2025,0.023349,JPY
238/A/NBP/2025,12/09/2025,0.023278,JPY
239/A/NBP/2025,12/10/2025,0.023166,JPY
240/A/NBP/2025,12/11/2025,0.023183,JPY
241/A/NBP/2025,12/12/2025,0.023111,JPY
242/A/NBP/2025,12/15/2025,0.023184,JPY
243/A/NBP/2025,12/16/2025,0.023204,JPY
244/A/NBP/2025,12/17/2025,0.023131,JPY
245/A/NBP/2025,12/18/2025,0.023019,JPY
246/A/NBP/2025,12/19/2025,0.022862,JPY
247/A/NBP/2025,12/22/2025,0.022801,JPY
248/A/NBP/2025,12/23/2025,0.02299,JPY
249/A/NBP/2025,12/29/2025,0.022956,JPY
250/A/NBP/2025,12/30/2025,0.023042,JPY
251/A/NBP/2025,12/31/2025,0.022994,JPY
001/A/NBP/2025,01/02/2025,0.002815,KRW
002/A/NBP/2025,01/03/2025,0.002823,KRW
003/A/NBP/2025,01/07/2025,0.002818,KRW
004/A/NBP/2025,01/08/2025,0.002832,KRW
005/A/NBP/2025,01/09/2025,0.002839,KRW
006/A/NBP/2025,01/10/2025,0.002822,KRW
007/A/NBP/2025,01/13/2025,0.002848,KRW
008/A/NBP/2025,01/14/2025,0.002848,KRW
009/A/NBP/2025,01/15/2025,0.002833,KRW
010/A/NBP/2025,01/16/2025,0.002842,KRW
011/A/NBP/2025,01/17/2025,0.002844,KRW
012/A/NBP/2025,01/20/2025,0.002848,KRW
013/A/NBP/2025,01/21/2025,0.002851,KRW
014/A/NBP/2025,01/22/2025,0.00284,KRW
015/A/NBP/2025,01/23/2025,0.002818,KRW
016/A/NBP/2025,01/24/2025,0.002804,KRW
017/A/NBP/2025,01/27/2025,0.002805,KRW
018/A/NBP/2025,01/28/2025,0.002788,KRW
019/A/NBP/2025,01/29/2025,0.002798,KRW
020/A/NBP/2025,01/30/2025,0.002801,KRW
021/A/NBP/2025,01/31/2025,0.002796,KRW
022/A/NBP/2025,02/03/2025,0.002821,KRW
023/A/NBP/2025,02/04/2025,0.002805,KRW
024/A/NBP/2025,02/05/2025,0.002797,KRW
025/A/NBP/2025,02/06/2025,0.002799,KRW
026/A/NBP/2025,02/07/2025,0.00279,KRW
027/A/NBP/2025,02/10/2025,0.002797,KRW
028/A/NBP/2025,02/11/2025,0.002786,KRW
029/A/NBP/2025,02/12/2025,0.002767,KRW
030/A/NBP/2025,02/13/2025,0.002758,KRW
031/A/NBP/2025,02/14/2025,0.002761,KRW
032/A/NBP/2025,02/17/2025,0.002754,KRW
033/A/NBP/2025,02/18/2025,0.002758,KRW
034/A/NBP/2025,02/19/2025,0.002767,KRW
035/A/NBP/2025,02/20/2025,0.002778,KRW
036/A/NBP/2025,02/21/2025,0.002777,KRW
037/A/NBP/2025,02/24/2025,0.002784,KRW
038/A/NBP/2025,02/25/2025,0.002753,KRW
039/A/NBP/2025,02/26/2025,0.002752,KRW
040/A/NBP/2025,02/27/2025,0.002735,KRW
041/A/NBP/2025,02/28/2025,0.002739,KRW
042/A/NBP/2025,03/03/2025,0.00275,KRW
043/A/NBP/2025,03/04/2025,0.002709,KRW
044/A/NBP/2025,03/05/2025,0.002679,KRW
045/A/NBP/2025,03/06/2025,0.002671,KRW
046/A/NBP/2025,03/07/2025,0.002663,KRW
047/A/NBP/2025,03/10/2025,0.002652,KRW
048/A/NBP/2025,03/11/2025,0.002651,KRW
049/A/NBP/2025,03/12/2025,0.002652,KRW
050/A/NBP/2025,03/13/2025,0.002651,KRW
051/A/NBP/2025,03/14/2025,0.002645,KRW
052/A/NBP/2025,03/17/2025,0.002646,KRW
053/A/NBP/2025,03/18/2025,0.002632,KRW
054/A/NBP/2025,03/19/2025,0.00264,KRW
055/A/NBP/2025,03/20/2025,0.002639,KRW
056/A/NBP/2025,03/21/2025,0.00265,KRW
057/A/NBP/2025,03/24/2025,0.002631,KRW
058/A/NBP/2025,03/25/2025,0.002628,KRW
059/A/NBP/2025,03/26/2025,0.002637,KRW
060/A/NBP/2025,03/27/2025,0.002655,KRW
061/A/NBP/2025,03/28/2025,0.002644,KRW
062/A/NBP/2025,03/31/2025,0.002623,KRW
063/A/NBP/2025,04/01/2025,0.002627,KRW
064/A/NBP/2025,04/02/2025,0.002646,KRW
065/A/NBP/2025,04/03/2025,0.002606,KRW
066/A/NBP/2025,04/04/2025,0.002671,KRW
067/A/NBP/2025,04/07/2025,0.002669,KRW
068/A/NBP/2025,04/08/2025,0.002654,KRW
069/A/NBP/2025,04/09/2025,0.002626,KRW
070/A/NBP/2025,04/10/2025,0.002637,KRW
071/A/NBP/2025,04/11/2025,0.002626,KRW
072/A/NBP/2025,04/14/2025,0.002648,KRW
073/A/NBP/2025,04/15/2025,0.002635,KRW
074/A/NBP/2025,04/16/2025,0.002662,KRW
075/A/NBP/2025,04/17/2025,0.002659,KRW
076/A/NBP/2025,04/18/2025,0.002642,KRW
077/A/NBP/2025,04/22/2025,0.002611,KRW
078/A/NBP/2025,04/23/2025,0.002637,KRW
079/A/NBP/2025,04/24/2025,0.002619,KRW
080/A/NBP/2025,04/25/2025,0.002615,KRW
081/A/NBP/2025,04/28/2025,0.00261,KRW
082/A/NBP/2025,04/29/2025,0.002612,KRW
083/A/NBP/2025,04/30/2025,0.002646,KRW
084/A/NBP/2025,05/02/2025,0.00268,KRW
085/A/NBP/2025,05/05/2025,0.002728,KRW
086/A/NBP/2025,05/06/2025,0.002731,KRW
087/A/NBP/2025,05/07/2025,0.002704,KRW
088/A/NBP/2025,05/08/2025,0.002702,KRW
089/A/NBP/2025,05/09/2025,0.002692,KRW
090/A/NBP/2025,05/12/2025,0.002679,KRW
091/A/NBP/2025,05/13/2025,0.002685,KRW
092/A/NBP/2025,05/14/2025,0.002708,KRW
093/A/NBP/2025,05/15/2025,0.002706,KRW
094/A/NBP/2025,05/16/2025,0.002713,KRW
095/A/NBP/2025,05/19/2025,0.002735,KRW
096/A/NBP/2025,05/20/2025,0.002711,KRW
097/A/NBP/2025,05/21/2025,0.002698,KRW
098/A/NBP/2025,05/22/2025,0.002713,KRW
099/A/NBP/2025,05/23/2025,0.00274,KRW
100/A/NBP/2025,05/26/2025,0.002724,KRW
101/A/NBP/2025,05/27/2025,0.002724,KRW
102/A/NBP/2025,05/28/2025,0.002733,KRW
103/A/NBP/2025,05/29/2025,0.002733,KRW
104/A/NBP/2025,05/30/2025,0.00272,KRW
105/A/NBP/2025,06/02/2025,0.00271,KRW
106/A/NBP/2025,06/03/2025,0.002724,KRW
107/A/NBP/2025,06/04/2025,0.002746,KRW
108/A/NBP/2025,06/05/2025,0.002757,KRW
109/A/NBP/2025,06/06/2025,0.002765,KRW
110/A/NBP/2025,06/09/2025,0.002765,KRW
111/A/NBP/2025,06/10/2025,0.002733,KRW
112/A/NBP/2025,06/11/2025,0.002716,KRW
113/A/NBP/2025,06/12/2025,0.002728,KRW
114/A/NBP/2025,06/13/2025,0.002712,KRW
115/A/NBP/2025,06/16/2025,0.002706,KRW
116/A/NBP/2025,06/17/2025,0.002712,KRW
117/A/NBP/2025,06/18/2025,0.0027,KRW
118/A/NBP/2025,06/20/2025,0.002708,KRW
119/A/NBP/2025,06/23/2025,0.002683,KRW
120/A/NBP/2025,06/24/2025,0.002707,KRW
121/A/NBP/2025,06/25/2025,0.002688,KRW
122/A/NBP/2025,06/26/2025,0.002675,KRW
123/A/NBP/2025,06/27/2025,0.002663,KRW
124/A/NBP/2025,06/30/2025,0.002671,KRW
125/A/NBP/2025,07/01/2025,0.002657,KRW
126/A/NBP/2025,07/02/2025,0.002656,KRW
127/A/NBP/2025,07/03/2025,0.002656,KRW
128/A/NBP/2025,07/04/2025,0.002646,KRW
129/A/NBP/2025,07/07/2025,0.002646,KRW
130/A/NBP/2025,07/08/2025,0.002641,KRW
131/A/NBP/2025,07/09/2025,0.002629,KRW
132/A/NBP/2025,07/10/2025,0.00264,KRW
133/A/NBP/2025,07/11/2025,0.002649,KRW
134/A/NBP/2025,07/14/2025,0.00264,KRW
135/A/NBP/2025,07/15/2025,0.002641,KRW
136/A/NBP/2025,07/16/2025,0.002641,KRW
137/A/NBP/2025,07/17/2025,0.002639,KRW
138/A/NBP/2025,07/18/2025,0.002626,KRW
139/A/NBP/2025,07/21/2025,0.002628,KRW
140/A/NBP/2025,07/22/2025,0.00262,KRW
141/A/NBP/2025,07/23/2025,0.002629,KRW
142/A/NBP/2025,07/24/2025,0.002639,KRW
143/A/NBP/2025,07/25/2025,0.002621,KRW
144/A/NBP/2025,07/28/2025,0.002631,KRW
145/A/NBP/2025,07/29/2025,0.002657,KRW
146/A/NBP/2025,07/30/2025,0.002677,KRW
147/A/NBP/2025,07/31/2025,0.002675,KRW
148/A/NBP/2025,08/01/2025,0.002669,KRW
149/A/NBP/2025,08/04/2025,0.002669,KRW
150/A/NBP/2025,08/05/2025,0.002664,KRW
151/A/NBP/2025,08/06/2025,0.002661,KRW
152/A/NBP/2025,08/07/2025,0.002644,KRW
153/A/NBP/2025,08/08/2025,0.00263,KRW
154/A/NBP/2025,08/11/2025,0.002625,KRW
155/A/NBP/2025,08/12/2025,0.002642,KRW
156/A/NBP/2025,08/13/2025,0.002641,KRW
157/A/NBP/2025,08/14/2025,0.002635,KRW
158/A/NBP/2025,08/18/2025,0.002629,KRW
159/A/NBP/2025,08/19/2025,0.002614,KRW
160/A/NBP/2025,08/20/2025,0.002612,KRW
161/A/NBP/2025,08/21/2025,0.002611,KRW
162/A/NBP/2025,08/22/2025,0.002646,KRW
163/A/NBP/2025,08/25/2025,0.002627,KRW
164/A/NBP/2025,08/26/2025,0.002628,KRW
165/A/NBP/2025,08/27/2025,0.002633,KRW
166/A/NBP/2025,08/28/2025,0.002642,KRW
167/A/NBP/2025,08/29/2025,0.002627,KRW
168/A/NBP/2025,09/01/2025,0.002606,KRW
169/A/NBP/2025,09/02/2025,0.002627,KRW
170/A/NBP/2025,09/03/2025,0.002629,KRW
171/A/NBP/2025,09/04/2025,0.002619,KRW
172/A/NBP/2025,09/05/2025,0.002615,KRW
173/A/NBP/2025,09/08/2025,0.002608,KRW
174/A/NBP/2025,09/09/2025,0.002607,KRW
175/A/NBP/2025,09/10/2025,0.002621,KRW
176/A/NBP/2025,09/11/2025,0.002618,KRW
177/A/NBP/2025,09/12/2025,0.002613,KRW
178/A/NBP/2025,09/15/2025,0.002607,KRW
179/A/NBP/2025,09/16/2025,0.002609,KRW
180/A/NBP/2025,09/17/2025,0.002606,KRW
181/A/NBP/2025,09/18/2025,0.002596,KRW
182/A/NBP/2025,09/19/2025,0.0026,KRW
183/A/NBP/2025,09/22/2025,0.002606,KRW
184/A/NBP/2025,09/23/2025,0.002586,KRW
185/A/NBP/2025,09/24/2025,0.002592,KRW
186/A/NBP/2025,09/25/2025,0.00259,KRW
187/A/NBP/2025,09/26/2025,0.00259,KRW
188/A/NBP/2025,09/29/2025,0.0026,KRW
189/A/NBP/2025,09/30/2025,0.002591,KRW
190/A/NBP/2025,10/01/2025,0.002582,KRW
191/A/NBP/2025,10/02/2025,0.002584,KRW
192/A/NBP/2025,10/03/2025,0.002577,KRW
193/A/NBP/2025,10/06/2025,0.002578,KRW
194/A/NBP/2025,10/07/2025,0.002581,KRW
195/A/NBP/2025,10/08/2025,0.002567,KRW
196/A/NBP/2025,10/09/2025,0.002584,KRW
197/A/NBP/2025,10/10/2025,0.002589,KRW
198/A/NBP/2025,10/13/2025,0.002574,KRW
199/A/NBP/2025,10/14/2025,0.002576,KRW
200/A/NBP/2025,10/15/2025,0.002573,KRW
201/A/NBP/2025,10/16/2025,0.002573,KRW
202/A/NBP/2025,10/17/2025,0.002554,KRW
203/A/NBP/2025,10/20/2025,0.002556,KRW
204/A/NBP/2025,10/21/2025,0.00255,KRW
205/A/NBP/2025,10/22/2025,0.002557,KRW
206/A/NBP/2025,10/23/2025,0.002538,KRW
207/A/NBP/2025,10/24/2025,0.002535,KRW
208/A/NBP/2025,10/27/2025,0.002542,KRW
209/A/NBP/2025,10/28/2025,0.00253,KRW
210/A/NBP/2025,10/29/2025,0.002554,KRW
211/A/NBP/2025,10/30/2025,0.002557,KRW
212/A/NBP/2025,10/31/2025,0.002575,KRW
213/A/NBP/2025,11/03/2025,0.002583,KRW
214/A/NBP/2025,11/04/2025,0.002572,KRW
215/A/NBP/2025,11/05/2025,0.002566,KRW
216/A/NBP/2025,11/06/2025,0.002553,KRW
217/A/NBP/2025,11/07/2025,0.002524,KRW
218/A/NBP/2025,11/10/2025,0.002518,KRW
219/A/NBP/2025,11/12/2025,0.002494,KRW
220/A/NBP/2025,11/13/2025,0.002488,KRW
221/A/NBP/2025,11/14/2025,0.002494,KRW
222/A/NBP/2025,11/17/2025,0.002491,KRW
223/A/NBP/2025,11/18/2025,0.002492,KRW
224/A/NBP/2025,11/19/2025,0.002496,KRW
225/A/NBP/2025,11/20/2025,0.002498,KRW
226/A/NBP/2025,11/21/2025,0.002499,KRW
227/A/NBP/2025,11/24/2025,0.002483,KRW
228/A/NBP/2025,11/25/2025,0.002502,KRW
229/A/NBP/2025,11/26/2025,0.002484,KRW
230/A/NBP/2025,11/27/2025,0.002497,KRW
231/A/NBP/2025,11/28/2025,0.00249,KRW
232/A/NBP/2025,12/01/2025,0.002475,KRW
233/A/NBP/2025,12/02/2025,0.002486,KRW
234/A/NBP/2025,12/03/2025,0.002479,KRW
235/A/NBP/2025,12/04/2025,0.002461,KRW
236/A/NBP/2025,12/05/2025,0.002467,KRW
237/A/NBP/2025,12/08/2025,0.002474,KRW
238/A/NBP/2025,12/09/2025,0.002475,KRW
239/A/NBP/2025,12/10/2025,0.002471,KRW
240/A/NBP/2025,12/11/2025,0.002455,KRW
241/A/NBP/2025,12/12/2025,0.002438,KRW
242/A/NBP/2025,12/15/2025,0.002454,KRW
243/A/NBP/2025,12/16/2025,0.002436,KRW
244/A/NBP/2025,12/17/2025,0.002433,KRW
245/A/NBP/2025,12/18/2025,0.002431,KRW
246/A/NBP/2025,12/19/2025,0.002431,KRW
247/A/NBP/2025,12/22/2025,0.002425,KRW
248/A/NBP/2025,12/23/2025,0.00242,KRW
249/A/NBP/2025,12/29/2025,0.002499,KRW
250/A/NBP/2025,12/30/2025,0.002483,KRW
251/A/NBP/2025,12/31/2025,0.002496,KRW
